id,title,image,alt
1,,banner.jpg,my text
2,,about.jpg,About image
3,,profession-1.jpg,JOSHUA H. BEARCE
4,,profession-3.jpg,MATTHEW R. JOHNSON
5,,profession-2.jpg,REBECCA S. KANE
6,,service-bg.png,services bg
7,,case-1.jpg,Case 1
8,,case-2.jpg,Case 2
9,,case-3.jpg,Case 3
10,,partner.jpg,Partner
11,,user2.png,Customer
12,,blog-1.jpg,Blog 1
13,,blog-2.jpg,Blog 2
14,,blog-3.jpg,Blog 3
15,,blog-4.jpg,Blog 4
16,,Group_1344.png,Service 1
17,,Group_1350.png,Service 2
18,,Group_1355.png,Service 3
19,,Group_1356.png,Service 4
20,,Group_1357.png,Service 5
21,,content.jpg,content
